,ticker,sector,industry,score,weight,weighted_score,divs
0,ADBE,Information Technology,Application Software,1.2338343533634097,413.16998291015625,0.0029862632921029667,True
1,AMD,Information Technology,Semiconductors,1.3211454122201178,172.67000579833984,0.007651273341376236,False
2,AES,Utilities,Independent Power Producers & Energy Traders,9.164697232152156,18.708191871643066,0.48987616200598955,True
3,ALB,Materials,Specialty Chemicals,7.195381924306791,268.7157325744629,0.02677692837471994,True
4,ARE,Real Estate,Office REITs,12.625734224684905,111.21598052978516,0.11352446082425682,True
5,ALGN,Health Care,Health Care Supplies,7.576393273227776,592.1999816894531,0.012793639830270716,False
6,AMT,Real Estate,Telecom Tower REITs,2.1402689513795528,124.28169250488281,0.017221112041867836,True
7,AWK,Utilities,Water Utilities,1.3799550663465443,88.29549407958984,0.015628827730468878,True
8,APA,Energy,Oil & Gas Exploration & Production,1.2502093748096001,43.877055406570435,0.02849346573567892,True
9,APTV,Consumer Discretionary,Automotive Parts & Equipment,3.3219728724282014,144.56999588012695,0.022978300941383995,True
10,ADM,Consumer Staples,Agricultural Products & Services,2.2707970992812556,66.30839157104492,0.034245998816729725,True
11,BALL,Materials,"Metal, Glass & Plastic Containers",5.700766848561998,51.68621826171875,0.11029568500631154,True
12,BAX,Health Care,Health Care Equipment,24.912276790185604,56.74790000915527,0.4389990957580183,True
13,BDX,Health Care,Health Care Equipment,1.2314376806920644,94.18307495117188,0.013074936036336561,True
14,TECH,Health Care,Life Sciences Tools & Services,2.540753873010523,93.4512710571289,0.027188007656496205,True
15,BIIB,Health Care,Biotechnology,71.1229073011178,281.2799987792969,0.2528544781348765,False
16,BA,Industrials,Aerospace & Defense,1.7275474059673457,243.87000274658203,0.0070838864415913,True
17,BWA,Consumer Discretionary,Automotive Parts & Equipment,1.1276382478454674,29.89507293701172,0.03771986943204243,True
18,BMY,Health Care,Pharmaceuticals,1.2973698714687305,35.15633010864258,0.03690288114429198,True
19,BG,Consumer Staples,Agricultural Products & Services,1.079540162837815,91.60713386535645,0.01178445517599662,True
20,BXP,Real Estate,Office REITs,1.5152018993018121,73.06802368164062,0.02073686714045515,True
21,CZR,Consumer Discretionary,Casinos & Gaming,2.441212596660087,112.38999795913696,0.02172090613924265,False
22,CPB,Consumer Staples,Packaged Foods & Meats,4.572299713688808,18.182140350341797,0.25147202835241866,True
23,KMX,Consumer Discretionary,Automotive Retail,1.4777056464099665,110.58000564575195,0.013363226360684618,False
24,CE,Materials,Specialty Chemicals,6.829710135601579,116.03881072998047,0.0588571193778791,True
25,CNC,Health Care,Managed Health Care,3.5685230512582597,51.67000198364258,0.06906372971280249,False
26,CRL,Health Care,Life Sciences Tools & Services,5.769635701827362,359.39998626708984,0.01605352232133818,False
27,CHTR,Communication Services,Cable & Satellite,4.360591248536183,566.4000091552734,0.007698783859554576,False
28,CLX,Consumer Staples,Household Products,1.6165069636749911,97.16626739501953,0.016636503665446438,True
29,CMCSA,Communication Services,Cable & Satellite,2.4073543284191525,29.190698623657227,0.08246991137334901,True
30,CAG,Consumer Staples,Packaged Foods & Meats,2.188343578385872,17.073408126831055,0.12817262740570612,True
31,STZ,Consumer Staples,Distillers & Vintners,1.6011612299692288,169.20352172851562,0.009462930875270236,True
32,CSGP,Real Estate,Real Estate Services,1.1821574055066306,47.40299606323242,0.024938453340158328,False
33,CCI,Real Estate,Telecom Tower REITs,11.281886051894583,99.50565338134766,0.11337934748951031,True
34,CVS,Health Care,Health Care Services,1.513973542541629,56.81435012817383,0.026647731411625537,True
35,DAY,Industrials,Human Resource & Employment Services,2.3484017385262566,91.1100082397461,0.025775453036363385,False
36,DVN,Energy,Oil & Gas Exploration & Production,1.1212617918262273,64.81763792037964,0.017298714174119663,True
37,DXCM,Health Care,Health Care Equipment,1.7864584526966436,115.0250015258789,0.015531044807634427,False
38,DG,Consumer Staples,Consumer Staples Merchandise Retail,43.03290272880803,181.41534423828125,0.2372065213639601,True
39,DLTR,Consumer Staples,Consumer Staples Merchandise Retail,9.905315882780048,112.87000274658203,0.08775862179271546,False
40,D,Utilities,Multi-Utilities,1.1868488134620996,40.4882698059082,0.029313399143791274,True
41,DOW,Materials,Commodity Chemicals,1.0476549572075922,43.93977165222168,0.023842976825179305,True
42,EIX,Utilities,Electric Utilities,2.596642097076302,51.75790023803711,0.050169000000661115,True
43,EW,Health Care,Health Care Equipment,2.2914207018689288,78.26999282836914,0.0292758516906162,False
44,ENPH,Information Technology,Semiconductor Materials & Equipment,6.8100127450996775,312.01000022888184,0.021826264350835043,False
45,EPAM,Information Technology,IT Consulting & Other Services,4.258609649072294,557.3599853515625,0.007640680639077664,False
46,EL,Consumer Staples,Personal Care Products,45.77597919868783,292.2051582336426,0.15665698537082665,True
47,ES,Utilities,Electric Utilities,1.9434002540651212,35.399478912353516,0.054899120376230286,True
48,FIS,Financials,Transaction & Payment Processing Services,3.2008003584463887,96.9946060180664,0.0329997768932656,True
49,FSLR,Information Technology,Semiconductors,1.0879129650689898,270.5099906921387,0.004021710851733824,False
50,FMC,Materials,Fertilizers & Agricultural Chemicals,44.09792593978275,93.80359649658203,0.470109117206285,True
51,F,Consumer Discretionary,Automobile Manufacturers,1.795336918516186,17.364509344100952,0.10339116890314529,True
52,BEN,Financials,Asset Management & Custody Banks,1.3836214583230642,20.153130531311035,0.06865541093843422,True
53,GNRC,Industrials,Electrical Components & Equipment,5.29112559991228,426.7899856567383,0.012397492391416758,True
54,GIS,Consumer Staples,Packaged Foods & Meats,1.4069977785608638,44.92116165161133,0.03132149140471737,True
55,GPN,Financials,Transaction & Payment Processing Services,7.558007097871717,121.13074493408203,0.06239544800937778,True
56,HAS,Consumer Discretionary,Leisure Products,1.2720363840380928,53.92939376831055,0.023587069966018313,True
57,DOC,Real Estate,Health Care REITs,2.2472329294071085,16.925379753112793,0.13277296948057038,True
58,HSY,Consumer Staples,Packaged Foods & Meats,1.855312995119254,163.8929443359375,0.011320273747211165,True
59,HRL,Consumer Staples,Packaged Foods & Meats,28.89302353648142,22.676740646362305,1.2741259419534923,True
60,HUM,Health Care,Managed Health Care,6.261881823556945,345.3927001953125,0.01812974570688952,True
61,HII,Industrials,Aerospace & Defense,3.60910104810336,166.38150787353516,0.021691719796448773,True
62,INCY,Health Care,Biotechnology,2.041060739742052,58.51000213623047,0.034883962830659164,False
63,INTC,Information Technology,Semiconductors,8.170558642454008,43.19334030151367,0.1891624631348013,True
64,IFF,Materials,Specialty Chemicals,2.2366930996294414,81.4540023803711,0.027459584971461674,True
65,LHX,Industrials,Aerospace & Defense,1.068864142961291,126.52668762207031,0.008447736703215858,True
66,LW,Consumer Staples,Packaged Foods & Meats,3.194437878604646,69.8587417602539,0.045727102981149306,True
67,LVS,Consumer Discretionary,Casinos & Gaming,1.5779873938220423,36.46637535095215,0.043272394874332924,True
68,LDOS,Industrials,Diversified Support Services,1.0405846855409269,134.53241729736328,0.00773482485816689,True
69,LMT,Industrials,Aerospace & Defense,1.0450163185142778,367.09706115722656,0.0028467030360308453,True
70,MKTX,Financials,Financial Exchanges & Data,180.85262420757778,376.43626403808594,0.48043358593443064,True
71,MTCH,Communication Services,Interactive Media & Services,21.828358411173348,146.2248821258545,0.14927937088289714,True
72,MRK,Health Care,Pharmaceuticals,1.7029961633717952,76.21340942382812,0.022345098798838847,True
73,MCHP,Information Technology,Semiconductors,1.415942131929513,72.52842712402344,0.01952258153217986,True
74,MRNA,Health Care,Biotechnology,30.58807142270096,466.2400016784668,0.06560584958944689,False
75,MHK,Consumer Discretionary,Home Furnishings,1.743865266488256,171.08000564575195,0.010193273374675958,False
76,MOS,Materials,Fertilizers & Agricultural Chemicals,2.3354439969599063,66.89577054977417,0.0349116839191232,True
77,NEM,Materials,Gold,1.7779530509847064,48.35470962524414,0.03676897379312366,True
78,NKE,Consumer Discretionary,"Apparel, Accessories & Luxury Goods",7.14822275560208,110.69763946533203,0.06457430158518186,True
79,NCLH,Consumer Discretionary,"Hotels, Resorts & Cruise Lines",1.3777540261674204,44.25000047683716,0.031135683871655804,False
80,ON,Information Technology,Semiconductors,1.2969108318293032,99.63999652862549,0.013015966248621003,False
81,PARA,Communication Services,Movies & Entertainment,44.718320215998894,81.29091739654541,0.5501022949200874,True
82,PAYC,Industrials,Human Resource & Employment Services,4.8399764135433605,406.5188903808594,0.011905907764849216,True
83,PYPL,Financials,Transaction & Payment Processing Services,8.359680284683176,258.13999938964844,0.03238428877527302,False
84,PFE,Health Care,Pharmaceuticals,7.043735618668865,30.92427635192871,0.22777366036018998,True
85,POOL,Consumer Discretionary,Distributors,1.1576272870576203,397.93345642089844,0.0029090976603716014,True
86,PPG,Materials,Specialty Chemicals,1.0344457037391828,104.31583404541016,0.009916478291194738,True
87,REGN,Health Care,Biotechnology,1.9139701729499115,804.1100158691406,0.0023802342156889478,False
88,RVTY,Health Care,Health Care Equipment,1.8862864895408473,133.6302947998047,0.014115710006976683,True
89,SBAC,Real Estate,Telecom Tower REITs,7.681300410555872,189.46047973632812,0.040543022065846805,True
90,SWKS,Information Technology,Semiconductors,26.513585488594256,121.82106399536133,0.21764368672402856,True
91,SJM,Consumer Staples,Packaged Foods & Meats,2.5737445748631598,69.46875,0.03704895474386915,True
92,LUV,Industrials,Passenger Airlines,3.5297535750555813,39.34681701660156,0.0897087450191022,True
93,SWK,Industrials,Industrial Machinery & Supplies & Components,4.557065589673976,133.53519821166992,0.03412632512403553,True
94,SMCI,Information Technology,"Technology Hardware, Storage & Peripherals",1.5308559265123016,117.2089991569519,0.013060907758988431,False
95,TROW,Financials,Asset Management & Custody Banks,2.399740600432472,123.79048156738281,0.019385501777260818,True
96,TGT,Consumer Staples,Consumer Staples Merchandise Retail,2.4559252724597096,162.4714126586914,0.015116045538540037,True
97,TFX,Health Care,Health Care Equipment,inf,267.4754638671875,inf,True
98,TSN,Consumer Staples,Packaged Foods & Meats,1.788470450852193,51.75771713256836,0.03455466256889457,True
99,UPS,Industrials,Air Freight & Logistics,2.09128147273698,132.91602325439453,0.015733855268407884,True
100,VTRS,Health Care,Pharmaceuticals,2.3983642474818136,10.596441745758057,0.22633675577388243,True
101,WBA,Consumer Staples,Drug Retail,21.156959090809245,37.51658821105957,0.5639361173192277,True
102,DIS,Communication Services,Movies & Entertainment,2.7808897360720577,121.09404754638672,0.02296471042481919,True
103,WBD,Communication Services,Broadcasting,18.438014980830623,70.55999660491943,0.2613097486961206,False
104,WST,Health Care,Health Care Supplies,2.897841422543604,340.2552795410156,0.008516668503873392,True
105,WYNN,Consumer Discretionary,Casinos & Gaming,1.0425663105229903,95.18025207519531,0.01095359896398815,True
106,ZBRA,Information Technology,Electronic Equipment & Instruments,1.888364805418568,453.0399932861328,0.004168207737514041,False
107,ZBH,Health Care,Health Care Equipment,2.6884762084734874,93.07231140136719,0.02888588633927485,True
108,ZTS,Health Care,Pharmaceuticals,1.204349225061467,150.79212188720703,0.00798681794505368,True
